{
    "date": "2022-10-18",
    "themes": [
        {
            "default": {
                "alias": {
                    "$color-avatar-ash": "$color-ash",
                    "$color-avatar-blueberry": "$color-blueberry",
                    "$color-avatar-brass": "$color-brass",
                    "$color-avatar-global": "$color-primary300",
                    "$color-avatar-gold": "$color-gold",
                    "$color-avatar-lake": "$color-lake",
                    "$color-avatar-oasis": "$color-oasis",
                    "$color-avatar-pear": "$color-pear",
                    "$color-avatar-persimmon": "$color-persimmon",
                    "$color-avatar-sage": "$color-sage",
                    "$color-avatar-tomato": "$color-tomato",
                    "$color-content-brand": "$color-primary",
                    "$color-danger-b01": "$color-r50",
                    "$color-danger-b02": "$color-r75",
                    "$color-danger-b03": "$color-r300",
                    "$color-danger-f01": "$color-r400",
                    "$color-danger-f02": "$color-r400",
                    "$color-danger-f11": "$color-r100",
                    "$color-disabled-b01": "$color-n100",
                    "$color-disabled-f01": "$color-n400",
                    "$color-disabled-f02": "$color-n200",
                    "$color-header-b01": "$color-white",
                    "$color-header-bg": "$color-primary",
                    "$color-header-bgMa": "$color-white",
                    "$color-header-f01": "$color-n800",
                    "$color-header-icon": "$color-white",
                    "$color-header-iconMa": "$color-n600",
                    "$color-header-searchBox": "$color-white",
                    "$color-header-statusbar": "$color-n800",
                    "$color-header-text": "$color-white",
                    "$color-header-textMa": "$color-n800",
                    "$color-highlight-b01": "$color-o75",
                    "$color-highlight-b02": "$color-y75",
                    "$color-highlight-f01": "$color-n800",
                    "$color-informative-b01": "$color-b50",
                    "$color-informative-b02": "$color-b75",
                    "$color-informative-f02": "$color-b400",
                    "$color-interactive-b01": "$color-primary50",
                    "$color-interactive-b02": "$color-primary",
                    "$color-interactive-f01": "$color-primary",
                    "$color-label-black02": "$color-n800",
                    "$color-label-blue02": "$color-b400",
                    "$color-label-green01": "$color-vG400",
                    "$color-label-green02": "$color-g400",
                    "$color-label-orange01": "$color-vO500",
                    "$color-label-orange02": "$color-o400",
                    "$color-label-purple02": "$color-p400",
                    "$color-label-red01": "$color-vR300",
                    "$color-label-red02": "$color-r400",
                    "$color-label-teal02": "$color-t400",
                    "$color-label-yellow02": "$color-y400",
                    "$color-nav-iconDefault": "$color-n800",
                    "$color-nav-iconDefaultMa": "$color-n600",
                    "$color-nav-iconSelected": "$color-primary",
                    "$color-neutral-b01": "$color-white",
                    "$color-neutral-b02": "$color-n50",
                    "$color-neutral-b03": "$color-n100",
                    "$color-neutral-b04": "$color-n600",
                    "$color-neutral-b05": "$color-n800",
                    "$color-neutral-b06": "$color-black",
                    "$color-neutral-elevation": "$color-white",
                    "$color-neutral-f01": "$color-white",
                    "$color-neutral-f03": "$color-n600",
                    "$color-neutral-f05": "$color-n600",
                    "$color-neutral-f06": "$color-n800",
                    "$color-neutral-f07": "$color-white",
                    "$color-neutral-l02": "$color-n100",
                    "$color-presence-available": "$color-g300",
                    "$color-presence-busy": "$color-r300",
                    "$color-presence-invisible": "$color-n500",
                    "$color-subAction": "$color-primary",
                    "$color-success-b01": "$color-g50",
                    "$color-success-b02": "$color-g75",
                    "$color-success-b03": "$color-g300",
                    "$color-success-f01": "$color-g400",
                    "$color-success-f02": "$color-g400",
                    "$color-success-f11": "$color-g100",
                    "$color-tab-default": "$color-n600",
                    "$color-tab-selected": "$color-primary",
                    "$color-umi-bg": "$color-primary",
                    "$color-umi-mentioned": "$color-o400",
                    "$color-umi-text": "$color-white",
                    "$color-vNeutral-b01": "$color-black",
                    "$color-vNeutral-b02": "$color-n75",
                    "$color-video01": "$color-v200",
                    "$color-video02": "$color-v100",
                    "$color-video03": "$color-v300",
                    "$color-video04": "$color-v400",
                    "$color-video05": "$color-v500",
                    "$color-video06": "$color-v600",
                    "$color-video07": "$color-v700",
                    "$color-warning-b01": "$color-o50",
                    "$color-warning-b02": "$color-o75",
                    "$color-warning-b03": "$color-o300",
                    "$color-warning-f01": "$color-o400",
                    "$color-warning-f02": "$color-o400",
                    "$color-warning-f11": "$color-o100"
                },
                "alpha": {},
                "hex": {
                    "$color-ash": "#666666",
                    "$color-b100": "#89ABD0",
                    "$color-b200": "#578BBD",
                    "$color-b300": "#347BB3",
                    "$color-b400": "#066FAC",
                    "$color-b50": "#F6F9FC",
                    "$color-b500": "#184D74",
                    "$color-b75": "#E3EBF4",
                    "$color-black": "#000000",
                    "$color-blueberry": "#5A5ABF",
                    "$color-brass": "#8E6B2B",
                    "$color-g100": "#46BE59",
                    "$color-g200": "#3C9949",
                    "$color-g300": "#368541",
                    "$color-g400": "#32773B",
                    "$color-g50": "#F0FCEF",
                    "$color-g500": "#27532B",
                    "$color-g75": "#CEF4CE",
                    "$color-gold": "#7A7000",
                    "$color-lake": "#1A70C1",
                    "$color-n100": "#E5E5E5",
                    "$color-n200": "#C7C7C7",
                    "$color-n300": "#B9B9B9",
                    "$color-n400": "#939393",
                    "$color-n50": "#F9F9F9",
                    "$color-n500": "#757575",
                    "$color-n600": "#666666",
                    "$color-n700": "#494949",
                    "$color-n75": "#F3F3F3",
                    "$color-n800": "#2F2F2F",
                    "$color-o100": "#FF8800",
                    "$color-o200": "#CD6E0D",
                    "$color-o300": "#B26110",
                    "$color-o400": "#A15600",
                    "$color-o50": "#FFF7F0",
                    "$color-o500": "#6D3E12",
                    "$color-o75": "#FFE6CE",
                    "$color-oasis": "#04549F",
                    "$color-p100": "#AE9CEE",
                    "$color-p200": "#8A77E3",
                    "$color-p300": "#7969C6",
                    "$color-p400": "#6C5DAF",
                    "$color-p50": "#F9F8FE",
                    "$color-p500": "#4C4277",
                    "$color-p75": "#EDE8FC",
                    "$color-pear": "#3C7E44",
                    "$color-persimmon": "#A14B00",
                    "$color-primary": "#E60000",
                    "$color-primary300": "#E60000",
                    "$color-primary50": "#FCE5E5",
                    "$color-r100": "#F88878",
                    "$color-r200": "#E6413C",
                    "$color-r300": "#D63E39",
                    "$color-r400": "#BE3933",
                    "$color-r50": "#FFF7F5",
                    "$color-r500": "#822C26",
                    "$color-r75": "#FFE5E0",
                    "$color-sage": "#047C68",
                    "$color-t100": "#72B2BF",
                    "$color-t200": "#3093A4",
                    "$color-t300": "#2D8190",
                    "$color-t400": "#2B727F",
                    "$color-t50": "#F5F9FA",
                    "$color-t500": "#234F58",
                    "$color-t75": "#E0EDF0",
                    "$color-tomato": "#C93637",
                    "$color-v100": "#066FAC",
                    "$color-v200": "#09BBFD",
                    "$color-v300": "#A15600",
                    "$color-v400": "#32773B",
                    "$color-v500": "#2F2F2F",
                    "$color-v600": "#666666",
                    "$color-v700": "#FFFFFF",
                    "$color-vG400": "#3C9949",
                    "$color-vO500": "#FF8800",
                    "$color-vR300": "#DD6057",
                    "$color-white": "#FFFFFF",
                    "$color-y100": "#F6AD16",
                    "$color-y200": "#B17D1A",
                    "$color-y300": "#9A6E1A",
                    "$color-y400": "#896219",
                    "$color-y50": "#FFF7EB",
                    "$color-y500": "#5F4516",
                    "$color-y75": "#FFE5AA"
                }
            },
            "highContrast": {
                "alias": {},
                "alpha": {},
                "hex": {}
            },
            "name": "vodafoneRich",
            "type": 0
        },
        {
            "default": {
                "alias": {
                    "$color-avatar-ash": "$color-ash",
                    "$color-avatar-blueberry": "$color-blueberry",
                    "$color-avatar-brass": "$color-brass",
                    "$color-avatar-global": "$color-primary300",
                    "$color-avatar-gold": "$color-gold",
                    "$color-avatar-lake": "$color-lake",
                    "$color-avatar-oasis": "$color-oasis",
                    "$color-avatar-pear": "$color-pear",
                    "$color-avatar-persimmon": "$color-persimmon",
                    "$color-avatar-sage": "$color-sage",
                    "$color-avatar-tomato": "$color-tomato",
                    "$color-content-brand": "$color-b400",
                    "$color-danger-b01": "$color-r50",
                    "$color-danger-b02": "$color-r100",
                    "$color-danger-b03": "$color-r200",
                    "$color-danger-f01": "$color-white",
                    "$color-danger-f02": "$color-r200",
                    "$color-danger-f11": "$color-r300",
                    "$color-disabled-b01": "$color-n200",
                    "$color-disabled-f01": "$color-n400",
                    "$color-disabled-f02": "$color-n300",
                    "$color-header-b01": "$color-n100",
                    "$color-header-bg": "$color-n100",
                    "$color-header-bgMa": "$color-n100",
                    "$color-header-f01": "$color-white",
                    "$color-header-icon": "$color-white",
                    "$color-header-iconMa": "$color-n600",
                    "$color-header-searchBox": "$color-n75",
                    "$color-header-statusbar": "$color-n50",
                    "$color-header-text": "$color-white",
                    "$color-header-textMa": "$color-white",
                    "$color-highlight-b01": "$color-n200",
                    "$color-highlight-b02": "$color-white",
                    "$color-highlight-f01": "$color-o400",
                    "$color-informative-b01": "$color-b50",
                    "$color-informative-b02": "$color-b75",
                    "$color-informative-f02": "$color-b400",
                    "$color-interactive-b01": "$color-primary50",
                    "$color-interactive-b02": "$color-primary",
                    "$color-interactive-f01": "$color-b400",
                    "$color-label-black02": "$color-n800",
                    "$color-label-blue02": "$color-b400",
                    "$color-label-green01": "$color-vG400",
                    "$color-label-green02": "$color-g400",
                    "$color-label-orange01": "$color-vO500",
                    "$color-label-orange02": "$color-o400",
                    "$color-label-purple02": "$color-p400",
                    "$color-label-red01": "$color-vR300",
                    "$color-label-red02": "$color-r400",
                    "$color-label-teal02": "$color-t400",
                    "$color-label-yellow02": "$color-y400",
                    "$color-nav-iconDefault": "$color-n800",
                    "$color-nav-iconDefaultMa": "$color-n600",
                    "$color-nav-iconSelected": "$color-b400",
                    "$color-neutral-b01": "$color-n75",
                    "$color-neutral-b02": "$color-n50",
                    "$color-neutral-b03": "$color-n100",
                    "$color-neutral-b04": "$color-n300",
                    "$color-neutral-b05": "$color-n50",
                    "$color-neutral-b06": "$color-black",
                    "$color-neutral-elevation": "$color-n200",
                    "$color-neutral-f01": "$color-white",
                    "$color-neutral-f03": "$color-n300",
                    "$color-neutral-f05": "$color-n600",
                    "$color-neutral-f06": "$color-n800",
                    "$color-neutral-f07": "$color-black",
                    "$color-neutral-l02": "$color-n200",
                    "$color-presence-available": "$color-g300",
                    "$color-presence-busy": "$color-r300",
                    "$color-presence-invisible": "$color-n500",
                    "$color-subAction": "$color-b400",
                    "$color-success-b01": "$color-white",
                    "$color-success-b02": "$color-g100",
                    "$color-success-b03": "$color-g300",
                    "$color-success-f01": "$color-white",
                    "$color-success-f02": "$color-g400",
                    "$color-success-f11": "$color-g400",
                    "$color-tab-default": "$color-n600",
                    "$color-tab-selected": "$color-b400",
                    "$color-umi-bg": "$color-primary",
                    "$color-umi-mentioned": "$color-o400",
                    "$color-umi-text": "$color-white",
                    "$color-umiteam-bg": "$color-n400",
                    "$color-umiteam-mentioned": "$color-n500",
                    "$color-umiteam-text": "$color-white",
                    "$color-vNeutral-b01": "$color-white",
                    "$color-vNeutral-b02": "$color-n200",
                    "$color-video01": "$color-v200",
                    "$color-video02": "$color-v100",
                    "$color-video03": "$color-v300",
                    "$color-video04": "$color-v400",
                    "$color-video05": "$color-v500",
                    "$color-video06": "$color-v600",
                    "$color-video07": "$color-v700",
                    "$color-warning-b01": "$color-white",
                    "$color-warning-b02": "$color-o200",
                    "$color-warning-b03": "$color-o200",
                    "$color-warning-f01": "$color-white",
                    "$color-warning-f02": "$color-o400",
                    "$color-warning-f11": "$color-o400"
                },
                "alpha": {
                    "$color-highlight-b02": 0.14,
                    "$color-success-b01": 0.06,
                    "$color-warning-b01": 0.1
                },
                "hex": {
                    "$color-ash": "#666666",
                    "$color-b100": "#2952C3",
                    "$color-b200": "#356AFD",
                    "$color-b300": "#5380FD",
                    "$color-b400": "#729AFF",
                    "$color-b50": "#1C2539",
                    "$color-b500": "#A9C0FE",
                    "$color-b75": "#222E49",
                    "$color-black": "#000000",
                    "$color-blueberry": "#5A5ABF",
                    "$color-brass": "#8E6B2B",
                    "$color-g100": "#2D6634",
                    "$color-g200": "#368440",
                    "$color-g300": "#3D9A4A",
                    "$color-g400": "#72B375",
                    "$color-g50": "#1C281B",
                    "$color-g500": "#A0CCA0",
                    "$color-g75": "#223221",
                    "$color-gold": "#7A7000",
                    "$color-lake": "#1A70C1",
                    "$color-n100": "#30323A",
                    "$color-n200": "#44464E",
                    "$color-n300": "#54565E",
                    "$color-n400": "#75777E",
                    "$color-n50": "#1E2027",
                    "$color-n500": "#898B94",
                    "$color-n600": "#A0A2A9",
                    "$color-n700": "#BCBDC2",
                    "$color-n75": "#282A32",
                    "$color-n800": "#FFFFFF",
                    "$color-o100": "#884C12",
                    "$color-o200": "#B06010",
                    "$color-o300": "#CD6F0D",
                    "$color-o400": "#FF8800",
                    "$color-o50": "#312215",
                    "$color-o500": "#FFAF66",
                    "$color-o75": "#3E2A19",
                    "$color-oasis": "#04549F",
                    "$color-p100": "#5D5291",
                    "$color-p200": "#7669BC",
                    "$color-p300": "#8B7DC9",
                    "$color-p400": "#A89CD6",
                    "$color-p50": "#252331",
                    "$color-p500": "#C4BCE4",
                    "$color-p75": "#2F2C3F",
                    "$color-pear": "#3C7E44",
                    "$color-persimmon": "#A14B00",
                    "$color-primary": "#356AFD",
                    "$color-primary300": "#6990FD",
                    "$color-primary50": "#29334C",
                    "$color-r100": "#AB2B23",
                    "$color-r200": "#D53C32",
                    "$color-r300": "#DD6057",
                    "$color-r400": "#E68B85",
                    "$color-r50": "#391D19",
                    "$color-r500": "#EEB2AE",
                    "$color-r75": "#49241F",
                    "$color-sage": "#047C68",
                    "$color-t100": "#34626B",
                    "$color-t200": "#437C88",
                    "$color-t300": "#4E919F",
                    "$color-t400": "#71ADBA",
                    "$color-t50": "#1D2729",
                    "$color-t500": "#9FC8D0",
                    "$color-t75": "#233134",
                    "$color-tomato": "#C93637",
                    "$color-v100": "#066FAC",
                    "$color-v200": "#09BBFD",
                    "$color-v300": "#A15600",
                    "$color-v400": "#32773B",
                    "$color-v500": "#2F2F2F",
                    "$color-v600": "#666666",
                    "$color-v700": "#FFFFFF",
                    "$color-vG400": "#3C9949",
                    "$color-vO500": "#FF8800",
                    "$color-vR300": "#DD6057",
                    "$color-white": "#FFFFFF",
                    "$color-y100": "#74561D",
                    "$color-y200": "#956E21",
                    "$color-y300": "#AD7F23",
                    "$color-y400": "#D99F26",
                    "$color-y50": "#2B2416",
                    "$color-y500": "#E8BA69",
                    "$color-y75": "#373D1B"
                }
            },
            "highContrast": {
                "alias": {},
                "alpha": {},
                "hex": {}
            },
            "name": "rcDark",
            "type": 1
        }
    ],
    "version": "2.0"
}

